STT,Aircraft,Aircraft_type,Flight,Aircraft_registration,Flight_route,Flight_type,Flight_purpose,Departure_airport,Arrival_airport,Flight_level,Take_off_time,Take_off_date
1,B763,H,JAL752,JA616J,R474,LD,PAX,VVNB,RJAA,370,00:02:41,30/10/2025
2,A359,H,AAR734,HL8361,R474,LD,PAX,VVNB,RKSI,370,00:05:36,30/10/2025
3,A359,H,HVN19,VNA897,W21,LD,PAX,VVNB,LFPG,400,00:11:57,30/10/2025
4,B77L,H,GTI8528,N760GT,R474,LD,CAR,VVNB,PAFA,330,00:16:20,30/10/2025
5,A321,M,HVN348,VNA334,R474,LD,PAX,VVNB,RJGG,310,00:28:51,30/10/2025
6,B78X,H,HVN416,VNA877,R474,LD,PAX,VVNB,RKSI,390,00:31:40,30/10/2025
7,A321,M,HVN647,VNA332,R474,LD,PAX,VVNB,RPLL,330,00:33:55,30/10/2025
8,A359,H,HVN310,VNA893,R474,LD,PAX,VVNB,RJAA,390,00:38:07,30/10/2025
9,A332,H,BCS576,D-ALEJ,R474,LD,CAR,VVNB,VHHH,310,00:41:51,30/10/2025
10,B77W,H,UAE395,A6-EPQ,W21,LD,PAX,VVNB,OMDB,360,00:44:54,30/10/2025
11,A321,M,VJC171,VNA649,W1/Q1,ND,PAX,VVNB,VVTS,320,00:47:28,30/10/2025
12,A321,M,VJC161,VNA639,W1/Q1,ND,PAX,VVNB,VVTS,360,00:50:23,30/10/2025
13,B78X,H,HVN428,VNA874,R474,LD,PAX,VVNB,RKPK,310,00:52:56,30/10/2025
14,B77L,H,CSN416,B-20EM,R474,LD,PAX,VVNB,ZSPD,270,00:55:46,30/10/2025
15,B789,H,ANA898,JA932A,R474,LD,PAX,VVNB,RJAA,390,00:59:55,30/10/2025
16,B789,H,HVN35,VNA869,W21,LD,PAX,VVNB,EDDM,360,01:02:58,30/10/2025
17,A321,M,VJC982,VNA667,R474,LD,PAX,VVNB,RKPK,330,01:07:17,30/10/2025
18,A21N,M,VJC932,VNA549,R474,LD,PAX,VVNB,RJAA,310,01:10:43,30/10/2025
19,A359,H,HVN334,VNA886,R474,LD,PAX,VVNB,RJBB,390,01:21:24,30/10/2025
20,A21N,M,VJC3521,VNA550,R474,LD,PAX,VVNB,ZYMD,310,01:24:18,30/10/2025
21,B763,H,ANA8448,JA604F,R474,LD,PAX,VVNB,RJAA,350,01:27:00,30/10/2025
22,A21N,M,VJC938,VNA539,R474,LD,PAX,VVNB,RJBB,330,01:42:59,30/10/2025
23,B738,M,JJA2202,HL8335,R474,LD,PAX,VVNB,RKSI,350,01:45:50,30/10/2025
24,A21N,M,VJC920,VNA543,R474,LD,PAX,VVNB,RJGG,310,01:48:58,30/10/2025
25,B77L,H,FDX9738,N875FD,R474,LD,CAR,VVNB,PANC,330,01:59:37,30/10/2025
26,A321,M,HVN356,VNA512,R474,LD,PAX,VVNB,RJFF,310,02:04:40,30/10/2025
27,A21N,M,VJC960,VNA538,R474,LD,PAX,VVNB,RKSI,350,02:06:57,30/10/2025
28,A320,M,CSZ108,B-6357,R474,LD,PAX,VVNB,ZGSZ,270,02:09:27,30/10/2025
29,A321,M,VJC958,VNA687,R474,LD,PAX,VVNB,RJFF,310,02:11:26,30/10/2025
30,B738,M,CES5076,B-1316,R474,LD,PAX,VVNB,ZSPD,270,02:46:25,30/10/2025
31,A21N,M,CEB747,RP-C4123,W1/Q1,LD,PAX,VVNB,RPLL,360/330,03:02:20,30/10/2025
32,B738,M,AIH372,HL8319,R474,LD,CAR,VVNB,RKSI,370,03:23:12,30/10/2025
33,B738,M,KXP221,9M-KXP,N639,LD,CAR,VVNB,WMKK,380,03:42:29,30/10/2025
34,B744,H,KAL362,HL7603,R474,LD,CAR,VVNB,RKSI,370,04:24:45,30/10/2025
35,A321,M,PAL596,RP-C9926,R474,LD,PAX,VVNB,RPLL,370,04:46:28,30/10/2025
36,A20N,M,IGO1632,VT-IQL,W21,LD,PAX,VVNB,VECC,340,04:53:26,30/10/2025
37,A321,M,HVN205,VNA603,W1/Q1,ND,PAX,VVNB,VVTS,320,05:13:05,30/10/2025
38,A320,M,VJC179,VNA689,W1/Q1,ND,PAX,VVNB,VVTS,320,05:24:16,30/10/2025
39,A320,M,VJC461,VNA656,W1/Q1,ND,PAX,VVNB,VVCT,360,05:38:46,30/10/2025
40,B744,H,AIH934,HL7616,R474,LD,CAR,VVNB,ZGFS,230,05:41:22,30/10/2025
41,B763,M,AIH388,HL7507,R474,LD,CAR,VVNB,RKSI,330,05:43:55,30/10/2025
42,A321,M,HVN227,VNA335,W1/Q1,ND,PAX,VVNB,VVTS,320,05:53:22,30/10/2025
43,B748,H,GTI8244,N863GT,R474,LD,CAR,VVNB,RKSI,270,06:01:46,30/10/2025
44,A321,M,HVN1541,VNA326,W1/Q1,ND,PAX,VVNB,VVPB,280,06:08:09,30/10/2025
45,B77L,H,KAL8387,HL8226,W4,LD,CAR,VVNB,VTBS,320,06:11:26,30/10/2025
46,A321,M,VJC491,VNA685,W1/Q1,ND,PAX,VVNB,VVBM,360,06:14:45,30/10/2025
47,A321,M,VJC401,VNA684,W1/Q1,ND,PAX,VVNB,VVDL,340,06:16:55,30/10/2025
48,A321,M,VJC503,VNA640,W1/Q1,ND,PAX,VVNB,VVDN,280,06:19:32,30/10/2025
49,A321,M,VJC443,VNA642,W1/Q1/N639,ND,PAX,VVNB,VVPQ,360,06:21:56,30/10/2025
50,B744,H,GTI8523,N419MC,R474,LD,CAR,VVNB,VHHH,330,06:30:19,30/10/2025
51,A321,M,VJC421,VNA644,W1/Q1,ND,PAX,VVNB,VVPK,320,06:33:20,30/10/2025
52,A320,M,VAG635,VNA136,W1/Q1,ND,PAX,VVNB,VVDN,300,06:36:23,30/10/2025
53,A320,M,VJC952,VNA663,R474,LD,PAX,VVNB,RJOA,310,06:43:11,30/10/2025
54,B763,H,FDX6001,N122FE,W4,LD,CAR,VVNB,VTBS,320,06:46:44,30/10/2025
55,A321,M,HVN157,VNA614,W1/Q1,ND,PAX,VVNB,VVDN,280,06:49:04,30/10/2025
56,A321,M,VJC181,VNA631,W1/Q1,ND,PAX,VVNB,VVTS,320,06:59:02,30/10/2025
57,A321,M,HVN1201,VNA399,W1/Q1,ND,PAX,VVNB,VVCT,360,07:01:59,30/10/2025
58,B789,H,HVN243,VNA871,W1/Q1,ND,PAX,VVNB,VVTS,400,07:04:24,30/10/2025
59,A20N,M,HVN1573,VNA515,W1/Q1,ND,PAX,VVNB,VVDL,360,07:11:12,30/10/2025
60,A321,M,HVN1237,VNA338,Q1/N639,ND,PAX,VVNB,VVPQ,320,07:14:32,30/10/2025
61,A359,H,HVN207,VNA888,W1/Q1,ND,PAX,VVNB,VVTS,420,07:18:08,30/10/2025
62,A321,M,BAV203,VNA227,W1/Q1,ND,PAX,VVNB,VVTS,340,07:21:09,30/10/2025
63,A20N,M,HVN1641,VNA513,W1/Q1,ND,PAX,VVNB,VVCA,320,07:25:45,30/10/2025
64,A321,M,HVN1603,VNA353,W1/Q1,ND,PAX,VVNB,VVBM,360,07:27:51,30/10/2025
65,A321,M,VJC905,VNA632,W2/N639,LD,PAX,VVNB,WMKK,360,07:30:04,30/10/2025
66,A321,M,HVN852,VNA329,R474,LD,PAX,VVNB,RCKH,330,07:37:43,30/10/2025
67,A321,M,HVN1615,VNA608,W1/Q1,ND,PAX,VVNB,VVPK,320,07:40:55,30/10/2025
68,A20N,M,BAV103,VNA596,W1/Q1,ND,PAX,VVNB,VVDN,320,07:52:14,30/10/2025
69,A332,H,HKC318,B-LNX,R474,LD,CAR,VVNB,VHHH,310,08:03:54,30/10/2025
70,A21N,M,HVN163,VNA619,W1/Q1,ND,PAX,VVNB,VVDN,320,08:06:52,30/10/2025
71,A21N,M,HVN661,VNA505,W2/N639,LD,PAX,VVNB,WSSS,320/330,08:12:31,30/10/2025
72,A321,M,VJC940,VNA651,R474,LD,PAX,VVNB,RCTP,330,08:16:31,30/10/2025
73,A321,M,PIC6081,VNA363,W1/Q1,ND,PAX,VVNB,VVDN,320,08:21:13,30/10/2025
74,A20N,M,CSN372,B-32EU,R474,LD,PAX,VVNB,ZGGG,270,08:29:09,30/10/2025
75,B77L,H,QTR8955,A7-BFE,W21,LD,PAX,VVNB,OTHH,340,08:38:16,30/10/2025
76,A21N,M,VJC934,VNA545,R474,LD,PAX,VVNB,RJAA,350,08:40:20,30/10/2025
77,A21N,M,VJC771,VNA674,W1/Q1,ND,PAX,VVNB,VVCR,320,08:43:01,30/10/2025
78,A359,H,HVN384,VNA898,R474,LD,PAX,VVNB,RJTT,410,08:47:52,30/10/2025
79,FA8X,M,HAI489,VNA489,W1/Q1,ND,EXTTM,VVNB,VVDN,320,08:50:40,30/10/2025
80,A21N,M,VJC125,VNA693,W1/Q1,ND,PAX,VVNB,VVTS,360,08:52:57,30/10/2025
81,A21N,M,CEB745,RP-C4127,W1/Q1,LD,PAX,VVNB,RPLL,360/330,08:55:48,30/10/2025
82,A320,M,VJC929,VNA669,Q1/N639,LD,PAX,VVNB,WIII,360/330,08:59:31,30/10/2025
83,A321,M,VAG751,VNA289,W1/Q1,ND,PAX,VVNB,VVTS,360,09:04:25,30/10/2025
84,B789,H,QTR983,A7-BHF,W21,LD,PAX,VVNB,OTHH,380,09:08:20,30/10/2025
85,A321,M,HVN1591,VNA358,W1/Q1,ND,PAX,VVNB,VVDH,260,09:12:15,30/10/2025
86,A333,H,VJC773,VNA817,W1/Q1,ND,PAX,VVNB,VVCR,400,09:15:11,30/10/2025
87,A320,M,AXM517,9M-AQP,Q1/N639,LD,PAX,VVNB,WMKK,360,09:19:30,30/10/2025
88,B748,H,CLX7623,LX-VCD,R474,LD,CAR,VVNB,VHHH,310,09:22:19,30/10/2025
89,A321,M,VJC7007,VNA673,W21,LD,PAX,VVNB,VEGY,320,09:24:54,30/10/2025
90,A321,M,CSC3906,B-8438,R474/R471,LD,PAX,VVNB,ZUTF,330,09:27:34,30/10/2025
91,A321,M,HVN209,VNA601,W1/Q1,ND,PAX,VVNB,VVTS,360,09:31:38,30/10/2025
92,A320,M,AIQ643,HS-BBT,R474,LD,PAX,VVNB,VTBD,360,09:35:22,30/10/2025
93,B789,H,HVN779,VNA870,W1/Q1,LD,PAX,VVNB,YMML,370,09:38:28,30/10/2025
94,A321,M,HVN611,VNA602,R474,LD,PAX,VVNB,VTBS,320,09:41:46,30/10/2025
95,A321,M,PIC6015,VNA359,W1/Q1,ND,PAX,VVNB,VVTS,320,09:45:55,30/10/2025
96,A321,M,VJC2961,VNA629,W21/B214,LD,PAX,VVNB,VEGY,340,09:48:52,30/10/2025
97,A321,M,HVH921,VNA332,R474,LD,PAX,VVNB,VLVT,280,09:52:29,30/10/2025
98,A320,M,CSZ102,B-6939,R474,LD,PAX,VVNB,ZGSZ,270,09:55:17,30/10/2025
99,A21N,M,HKE541,B-KKD,R474,LD,PAX,VVNB,VHHH,310,09:57:03,30/10/2025
100,A333,H,VJC127,VNA820,W1/Q1,ND,PAX,VVNB,VVTS,400,09:59:26,30/10/2025
101,A321,M,HVN165,VNA398,W1/Q1,ND,PAX,VVNB,VVDN,280,10:11:26,30/10/2025
102,A321,M,VJC997,VNA542,W1/Q1,LD,PAX,VVNB,WADD,360/330,10:14:51,30/10/2025
103,A321,M,VJC505,VNA637,W1/Q1,ND,PAX,VVNB,VVDN,300,10:18:11,30/10/2025
104,A321,M,HVN532,VNA356,R474,LD,PAX,VVNB,ZSPD,310,10:21:03,30/10/2025
105,B739,M,BAV211,PK-BBP,W1/Q1,ND,PAX,VVNB,VVTS,320,10:26:37,30/10/2025
106,A320,M,VAG775,9H-MLW,W1/Q1,ND,PAX,VVNB,VVTS,320,10:30:08,30/10/2025
107,A320,M,THA561,HS-TXS,R474,LD,PAX,VVNB,VTBS,340,10:33:14,30/10/2025
108,A321,M,VJC149,VNA649,W1/Q1,ND,PAX,VVNB,VVTS,320,10:38:25,30/10/2025
109,A321,M,VJC567,VNA644,W1/Q1,ND,PAX,VVNB,VVPB,280,10:41:16,30/10/2025
110,B78X,H,HVN414,VNA879,R474,LD,PAX,VVNB,RKSI,370,10:53:23,30/10/2025
111,A321,M,VJC507,VNA685,W1/Q1,ND,PAX,VVNB,VVDN,280,11:02:29,30/10/2025
112,A320,M,VAG771,VNA136,W1/Q1,ND,PAX,VVNB,VVTS,320,11:05:13,30/10/2025
113,GL5T,M,B7765,B-7765,W1/Q1,LD,PAX,VVNB,WIHH,410,11:07:23,30/10/2025
114,A321,M,HVN1553,VNA611,W1/Q1,ND,PAX,VVNB,VVCR,360,11:09:55,30/10/2025
115,A320,M,VJC463,VNA656,W1/Q1,ND,PAX,VVNB,VVCT,320,11:16:40,30/10/2025
116,B77W,H,CPA740,B-KQR,R474,LD,PAX,VVNB,VHHH,310,11:22:01,30/10/2025
117,A21N,M,HVN167,VNA507,W1/Q1,ND,PAX,VVNB,VVDN,280,11:25:40,30/10/2025
118,A321,M,HVN1203,VNA605,W1/Q1,ND,PAX,VVNB,VVCT,320,11:29:27,30/10/2025
119,B789,H,HVN245,VNA861,W1/Q1,ND,PAX,VVNB,VVTS,400,11:32:19,30/10/2025
120,A321,M,HVN592,VNA614,R474,LD,PAX,VVNB,VHHH,290,11:35:51,30/10/2025
121,A20N,M,HVN1623,VNA513,W1/Q1,ND,PAX,VVNB,VVPC,320,11:38:52,30/10/2025
122,A321,M,VJC403,VNA684,W1/Q1,ND,PAX,VVNB,VVDL,360,11:42:30,30/10/2025
123,A321,M,VJC407,VNA683,W1/Q1,ND,PAX,VVNB,VVDL,300,11:48:18,30/10/2025
124,A359,H,CAL792,B-18902,R474,LD,PAX,VVNB,RCTP,350,11:54:33,30/10/2025
125,A333,H,VJC135,VNA814,W1/Q1,ND,PAX,VVNB,VVTS,380,11:58:42,30/10/2025
126,A21N,M,CSN3050,B-32MC,R474,LD,PAX,VVNB,ZGGG,310,12:01:01,30/10/2025
127,A321,M,HVN1651,VNA326,W1/Q1,ND,PAX,VVNB,VVTH,360,12:13:30,30/10/2025
128,A21N,M,HVN169,VNA619,W1/Q1,ND,PAX,VVNB,VVDN,280,12:16:47,30/10/2025
129,A20N,M,HVN1575,VNA515,W1/Q1,ND,PAX,VVNB,VVDL,320,12:18:41,30/10/2025
130,A321,M,VJC137,VNA642,W1/Q1,ND,PAX,VVNB,VVTS,360,12:26:28,30/10/2025
131,A321,M,VJC901,VNA667,R474,LD,PAX,VVNB,VTBS,340,12:41:02,30/10/2025
132,A321,M,PIC6401,VNA363,W1/Q1,ND,PAX,VVNB,VVPQ,320,12:42:47,30/10/2025
133,A21N,M,KAL442,HL8559,R474,LD,PAX,VVNB,RKSI,350,12:45:22,30/10/2025
134,B77W,H,EVA398,B-16727,R474,LD,PAX,VVNB,RCTP,350,12:51:59,30/10/2025
135,A321,M,KHV855,XU-350,Q1/N639,LD,PAX,VVNB,VDTI,320,12:55:07,30/10/2025
136,A320,M,VJC441,VNA699,Q1/N639,ND,PAX,VVNB,VVPQ,360,12:58:52,30/10/2025
137,A321,M,HVN506,VNA353,R474,LD,PAX,VVNB,ZGGG,310,13:01:28,30/10/2025
138,A359,H,SIA191,9V-SHR,W1/Q1,LD,PAX,VVNB,WSSS,360,13:05:29,30/10/2025
139,A321,M,HVN615,VNA399,R474,LD,PAX,VVNB,VTBS,360,13:09:41,30/10/2025
140,A321,M,HVN931,VNA338,R474,LD,PAX,VVNB,VLLB,280,13:12:16,30/10/2025
141,A321,M,HVN171,VNA358,W1/Q1,ND,PAX,VVNB,VVDN,280,13:14:37,30/10/2025
142,B789,H,HVN247,VNA871,W1/Q1,ND,PAX,VVNB,VVTS,360,13:16:30,30/10/2025
143,B738,M,MAS753,9M-MLO,W1/Q1,LD,PAX,VVNB,WMKK,360,13:20:20,30/10/2025
144,A321,M,CCA704,B=6942,R474,LD,PAX,VVNB,ZSPD,310,13:22:30,30/10/2025
145,A359,H,HVN251,VNA888,W1/Q1,ND,PAX,VVNB,VVTS,400,13:26:23,30/10/2025
146,A320,M,AIQ641,HS-ABZ,W121,LD,PAX,VVNB,VTBD,380,13:29:20,30/10/2025
147,A21N,M,CCA742,B-328N,R474,LD,PAX,VVNB,ZBAA,310,13:37:56,30/10/2025
148,A320,M,BAV251,JU-1410,W1/Q1,ND,PAX,VVNB,VVTS,360,13:40:49,30/10/2025
149,A321,M,VJC948,VNA687,R474,LD,PAX,VVNB,RCMQ,350,13:43:42,30/10/2025
150,A333,H,AAR730,HL7741,R474,LD,PAX,VVNB,RKSI,390,13:47:49,30/10/2025
151,B38M,M,MXD572,9M-LRS,W1/Q1,LD,PAX,VVNB,WMKK,360,13:52:11,30/10/2025
152,B744,H,CPA3248,B-LID,W1/Q1,ND,CAR,VVNB,VVTS,360,13:54:57,30/10/2025
153,A21N,M,VJC3522,VNA550,W1/Q1,LD,PAX,VVNB,VDPP,320,13:57:08,30/10/2025
154,B738,M,CSZ122,B-18711,R474,LD,PAX,VVNB,ZGGG,310,13:59:48,30/10/2025
155,A321,M,PAL594,RP-C9902,R474,LD,PAX,VVNB,EPLL,330,14:02:15,30/10/2025
156,A333,H,VJC143,VNA812,W1/Q1,ND,PAX,VVNB,VVTS,400,14:04:43,30/10/2025
157,A21N,M,HVN1559,VNA512,W1/Q1,ND,PAX,VVNB,VVCR,360,14:07:16,30/10/2025
158,A321,M,HVN253,VNA334,W1/Q1,ND,PAX,VVNB,VVTS,320,14:11:01,30/10/2025
159,A321,M,HVN1804,VNA608,W21/W4,ND,PAX,VVNB,VVDB,240,14:18:48,30/10/2025
160,A321,M,HVN213,VNA613,W1/Q1,ND,PAX,VVNB,VVTS,300,14:40:14,30/10/2025
161,A21N,M,VJC511,VNA539,W1/Q1,ND,PAX,VVNB,VVDN,280,14:43:30,30/10/2025
162,A21N,M,VJC781,VNA674,W1/Q1,ND,PAX,VVNB,VVCR,340,14:46:13,30/10/2025
163,B78X,H,HVN211,VNA877,W1/Q1,ND,PAX,VVNB,VVTS,400,14:49:01,30/10/2025
164,A321,M,VJC1491,VNA4644,W1/Q1,ND,PAX,VVNB,VVBM,320,14:51:59,30/10/2025
165,A321,M,HVN681,VNA329,W1/Q1,LD,PAX,VVNB,WMKK,320,14:55:35,30/10/2025
166,A320,M,CHB6536,B-9949,R474,LD,PAX,VVNB,ZHES,270,15:04:28,30/10/2025
167,A320,M,CSZ104,B-6720,R474,LD,PAX,VVNB,ZGSZ,310,15:07:01,30/10/2025
168,A321,M,HVN173,VNA398,W1/Q1,ND,PAX,VVNB,VVDN,280,15:10:59,30/10/2025
169,A359,H,HVN215,VNA839,W1/Q1,ND,PAX,VVNB,VVTS,360,15:13:31,30/10/2025
170,A21N,M,CES6012,B-32KD,R474,LD,PAX,VVNB,ZSPD,290,15:18:22,30/10/2025
171,B738,M,JDL2852,B-225M,R474,LD,CAR,VVNB,ZGNN,310,15:22:09,30/10/2025
172,A320,M,AXXM513,9M-AHL,W1/Q1,LD,PAX,VVNB,WMKK,360,15:28:12,30/10/2025
173,A320,M,AIQ871,HS-BBB,R474,LD,PAX,VVNB,VTCC,360,15:38:11,30/10/2025
174,B737,M,CXA870,B-5280,R474,LD,PAX,VVNB,ZSAM,350,15:46:17,30/10/2025
175,A21N,M,VJC1441,VNA538,W1/Q1,ND,PAX,VVNB,VVPQ,320,15:49:19,30/10/2025
176,B738,M,CES9606,B-5527,W22,LD,PAX,VVNB,ZPPP,340,15:54:55,30/10/2025
177,A321,M,HVN837,VNA601,Q1/N639,LD,PAX,VVNB,VDSA,340,16:00:10,30/10/2025
178,A321,M,VJC903,VNA651,R474,LD,PAX,VVNB,VTBS,340,16:06:16,30/10/2025
179,A21N,M,CSN8316,B-321Z,R474,LD,PAX,VVNB,ZGGG,290,16:11:20,30/10/2025
180,A21N,M,HVN249,VNA507,W1/Q1,ND,PAX,VVNB,VVTS,360,16:14:56,30/10/2025
181,A333,H,VJC145,VNA820,W1/Q1,ND,PAX,VVNB,VVTS,380,16:18:03,30/10/2025
182,A321,M,CSN8470,B-6659,R474,LD,PAX,VVNB,ZGSZ,310,16:20:54,30/10/2025
183,A321,M,VJC423,VNA632,W1/Q1,ND,PAX,VVNB,VVPK,320,16:24:30,30/10/2025
184,A320,M,VJC409,VNA675,W1/Q1,ND,PAX,VVNB,VVDL,380,16:27:12,30/10/2025
185,A321,M,HVN619,VNA602,R474,LD,PAX,VVNB,VTBS,360,16:31:00,30/10/2025
186,A20N,M,HVN179,VNA513,W1/Q1,ND,PAX,VVNB,VVDN,300,16:33:15,30/10/2025
187,A21N,M,HVN7563,VNA610,W1/Q1,ND,PAX,VVNB,VVCR,320,16:38:20,30/10/2025
188,A321,M,VJC433,VNA684,W1/Q1,ND,PAX,VVNB,VVPC,300,16:44:07,30/10/2025
189,A21N,M,HVN1207,VNA505,W1/Q1,ND,PAX,VVNB,VVCT,360,16:47:19,30/10/2025
190,B739,M,BAV255,PK-BBK,W1/Q1,ND,PAX,VVNB,VVTS,320,16:50:48,30/10/2025
191,A320,M,VJC515,VNA656,W1/Q1,ND,PAX,VVNB,VVDN,280,16:53:23,30/10/2025
192,A320,M,LAO312,RDPL-34199,R474,LD,PAX,VVNB,VLVT,280,16:57:57,30/10/2025
193,A321,M,VJC913,VNA683,W1/Q1,LD,PAX,VVNB,VDSA,320,17:01:27,30/10/2025
194,A21N,M,VJC7336,VNA549,R474,LD,PAX,VVNB,ZGHZ,330,17:05:11,30/10/2025
195,A321,M,HVN1563,VNA611,W1/Q1,ND,PAX,VVNB,VVCR,360,17:09:46,30/10/2025
196,A320,M,VAG889,9H-MLW,W1/Q1,ND,PAX,VVNB,VVTS,320,17:12:28,30/10/2025
197,A320,M,VAG639,VNA136,W1/Q1,ND,PAX,VVNB,VVDN,260,17:15:12,30/10/2025
198,A21N,M,VJC199,VNA546,W1/Q1,ND,PAX,VVNB,VVTS,320,17:17:35,30/10/2025
199,A20N,M,HVN187,VNA515,W1/Q1,ND,PAX,VVNB,VVDN,280,17:22:46,30/10/2025
200,A321,M,HVN1545,VNA614,W1/Q1,ND,PAX,VVNB,VVPB,260,17:24:48,30/10/2025
201,A321,M,VJC147,VNA522,W1/Q1,ND,PAX,VVNB,VVTS,320,17:28:24,30/10/2025
202,A321,M,HVN257,VNA605,W1/Q1,ND,PAX,VVNB,VVTS,320,17:34:14,30/10/2025
203,A321,M,VJC465,VNA673,W1/Q1,ND,PAX,VVNB,VVCT,300,17:38:02,30/10/2025
204,A321,M,HVN578,VNA608,R474,LD,PAX,VVNB,RCTP,330,17:41:15,30/10/2025
205,A21N,M,CAL794,B-18108,R474,LD,PAX,VVNB,RCTP,350,17:47:08,30/10/2025
206,B789,H,HVN273,VNA861,W1/Q1,ND,PAX,VVNB,VVTS,400,17:56:26,30/10/2025
207,B789,H,HVN217,VNA865,W1/Q1,ND,PAX,VVNB,VVTS,400,18:05:06,30/10/2025
208,A321,M,HVN843,VNA358,Q1/N639,LD,PAX,VVNB,VDSA,320,18:08:15,30/10/2025
209,A359,H,HVN259,VNA886,W1/Q1,ND,PAX,VVNB,VVTS,400,18:19:36,30/10/2025
210,A332,H,TUA698,EZ-F429,W21 ,LD,CAR,VVNB,UTAA,340,18:26:15,30/10/2025
211,A321,M,EVA386,B-16216,R474,LD,PAX,VVNB,RCTP,350,18:30:45,30/10/2025
212,A321,M,HVN586,VNA326,R474,LD,PAX,VVNB,RCKH,330,18:34:35,30/10/2025
213,A21N,M,SJX718,B-58205,R474,LD,PAX,VVNB,RCTP,350,18:38:15,30/10/2025
214,A321,M,PIC6071,VNA363,W1/Q1,ND,PAX,VVNB,VVDN,280,18:41:30,30/10/2025
215,A320,M,VJC445,VNA699,W1/Q1,ND,PAX,VVNB,VVPQ,360,18:44:03,30/10/2025
216,B78X,H,HVN973,VNA873,W21 ,LD,PAX,VVNB,VABB,380,18:46:21,30/10/2025
217,A321,M,VJC165,VNA667,W1/Q1,ND,PAX,VVNB,VVTS,320,18:48:27,30/10/2025
218,B38M,M,SIA193,9V-MBJ,W1/Q1,LD,PAX,VVNB,WSSS,320,18:51:17,30/10/2025
219,A21N,M,VJC779,VNA539,W1/Q1,ND,PAX,VVNB,VVCR,320,18:54:31,30/10/2025
220,A21N,M,VJC193,VNA537,W1/Q1,ND,PAX,VVNB,VVTS,320,19:03:05,30/10/2025
221,A321,M,HVN617,VNA356,R474,LD,PAX,VVNB,VTBS,340,19:08:07,30/10/2025
222,B744,H,CPA3246,B-LIA,R474,LD,CAR,VVNB,VHHH,290,19:13:08,30/10/2025
223,B789,H,QTR977,A7-BHE,W21 ,LD,PAX,VVNB,OTHH,360,19:18:01,30/10/2025
224,A320,M,VJC1925,VNA663,W21 ,LD,PAX,VVNB,VAAH,340,19:21:11,30/10/2025
225,A21N,M,HVN7213,VNA501,W1/Q1,ND,PAX,VVNB,VVTS,360,19:23:50,30/10/2025
226,A321,M,VJC517,VNA685,W1/Q1,ND,PAX,VVNB,VVDN,280,19:28:27,30/10/2025
227,A321,M,VJC1923,VNA532,W21 ,LD,PAX,VVNB,VAAH,320,19:32:25,30/10/2025
228,A321,M,HVN195,VNA398,W1/Q1,ND,PAX,VVNB,VVDN,280,19:35:17,30/10/2025
229,AT76,M,LAO314,RDPL-34228,R474,LD,PAX,VVNB,VLLB,180,19:37:21,30/10/2025
230,B78X,H,HVN219,VNA878,W1/Q1,ND,PAX,VVNB,VVTS,400,19:44:26,30/10/2025
231,A321,M,VJC173,VNA631,W1/Q1,ND,PAX,VVNB,VVTS,320,19:47:12,30/10/2025
232,A321,M,HVN983,VNA353,W21 ,LD,PAX,VVNB,VOBL,320,19:49:49,30/10/2025
233,A321,M,VJC569,VNA629,W1/Q1,ND,PAX,VVNB,VVPB,260,19:52:51,30/10/2025
234,A230,M,KHV851,XU-356,Q1/N639,LD,PAX,VVNB,VDTI,360,19:55:21,30/10/2025
235,A333,H,CAPA742,B-HLU,R474,LD,PAX,VVNB,VHHH,310,19:58:12,30/10/2025
236,A321,M,CCA756,B-8583,R474,LD,PAX,VVNB,ZSPD,310,20:01:12,30/10/2025
237,A21N,M,VJC163,VNA653,W1/Q1,ND,PAX,VVNB,VVTS,280,20:04:13,30/10/2025
238,A21N,M,VJC971,VNA543,W21,LD,PAX,VVNB,VIDP,340,20:06:58,30/10/2025
239,A321,M,HVN7211,VNA334,W1/Q1,ND,PAX,VVNB,VVTS,360,20:10:46,30/10/2025
240,A320,M,CSN8178,B-6252,R474,LD,PAX,VVNB,ZGGG,310,20:13:30,30/10/2025
241,B738,M,CSZ106,B-1710,R474,LD,PAX,VVNB,ZGSZ,310,20:17:07,30/10/2025
242,A321,M,VJC519,VNA644,W1/Q1,ND,PAX,VVNB,VVDN,320,20:19:37,30/10/2025
243,A320,M,VJC7712,VNA669,R474,LD,PAX,VVNB,ZBAD,310,20:22:53,30/10/2025
244,A359,H,HVN263,VNA899,W1/Q1,ND,PAX,VVNB,VVTS,430,20:25:41,30/10/2025
245,A20N,M,CSN8360,B-322F,R474,LD,PAX,VVNB,ZGHA,270,20:28:29,30/10/2025
246,A333,H,VJC155,VNA814,W1/Q1,ND,PAX,VVNB,VVTS,400,20:36:53,30/10/2025
247,A20N,M,HVN1549,VNA513,W1/Q1,ND,PAX,VVNB,VVPB,280,20:42:07,30/10/2025
248,B788,H,THA565,HS-TQF,W21,LD,PAX,VVNB,VTBS,380,20:45:21,30/10/2025
249,A321,M,BAV273,VNA227,W1/Q1,ND,PAX,VVNB,VVTS,320,20:51:42,30/10/2025
250,B78X,H,HVN265,VNA877,W1/Q1,ND,PAX,VVNB,VVTS,380,20:56:22,30/10/2025
251,A321,M,VJC501,VNA632,W1/Q1,ND,PAX,VVNB,VVDN,280,20:59:26,30/10/2025
252,A320,M,CHB6424,B-9949,R474,LD,PAX,VVNB,ZUCK,270,21:02:36,30/10/2025
253,B738,M,CTJ3862,B-5439,R474,LD,CAR,VVNB,ZGNN,250,21:05:24,30/10/2025
254,A321,M,VAG787,VNA289,W1/Q1,ND,PAX,VVNB,VVTS,280,21:08:15,30/10/2025
255,A321,M,HVN221,VNA397,W1/Q1,ND,PAX,VVNB,VVTS,320,21:16:02,30/10/2025
256,A320,M,VAG791,VNA135,W1/Q1,ND,PAX,VVNB,VVTS,320,21:18:29,30/10/2025
257,A319,M,MMA451,XY-ALN,R474,LD,PAX,VVNB,VYYY,380,21:26:15,30/10/2025
258,B77L,H,CKK288,B-222J,R474,LD,CAR,VVNB,ZSPD,290,21:31:37,30/10/2025
259,B744,H,CAL6888,B-18719,R474,LD,CAR,VVNB,RCTP,330,21:36:12,30/10/2025
260,A320,M,VJC7238,VNA675,R474,LD,PAX,VVNB,ZSPD,310,21:42:26,30/10/2025
261,B77L,H,THY6359,TC-LJP,W21,LD,CAR,VVNB,VIDP,340,21:46:16,30/10/2025
262,A21N,M,AIQ645,HS-EAG,R474,LD,PAX,VVNB,VTBD,340,21:50:31,30/10/2025
263,A21N,M,HVN7217,VNA616,W1/Q1,ND,PAX,VVNB,VVTS,360,09:53:43,30/10/2025
264,A321,M,HVN267,VNA338,W1/Q1,ND,PAX,VVNB,VVTS,360,22:10:33,30/10/2025
265,A321,M,VJC123,VNA651,W1/Q1,ND,PAX,VVNB,VVTS,320,22:33:11,30/10/2025
266,A333,H,BCS574,D-ALMG,R474,LD,CAR,VVNB,VHHH,310,22:36:53,30/10/2025
267,B738,M,KMI525,HS-KMD,R474,LD,CAR,VVNB,VHHH,310,22:45:37,30/10/2025
268,B738,M,MP708,VT-AFO,R474,LD,CAR,VVNB,VOMM,360,22:48:39,30/10/2025
269,A320,M,VJC161,VNA689,W1/Q1,ND,PAX,VVNB,VVTS,360,23:02:36,30/10/2025
270,B739,M,BAV283,PK-BBK,W1/Q1,ND,PAX,VVNB,VVTS,320,23:05:35,30/10/2025
271,A321,M,VJC7306,VNA683,W22,LD,PAX,VVNB,ZUTF,330,23:10:37,30/10/2025
272,A359,H,THY165,TC-LGI,W21,LD,PAX,VVNB,LTFM,360,23:13:11,30/10/2025
273,A321,M,PIC6025,VNA363,W1/Q1,ND,PAX,VVNB,VVTS,320,23:15:40,30/10/2025
274,B789,H,KAL448,HL7207,R474,LD,PAX,VVNB,RKSI,390,23:19:27,30/10/2025
275,A20N,M,AMU981,B-MCL,R474,LD,PAX,VVNB,VMMC,290,23:21:59,30/10/2025
276,A20N,M,BAV834,VNA596,R474,LD,PAX,VVNB,ZJSY,310,23:32:09,30/10/2025
277,B763,H,FDX6002,N122FE,R474,LD,CAR,VVNB,ZGFS,270,23:45:16,30/10/2025
278,B738,M,LHA4202,B-220N,R474,LD,CAR,VVNB,ZHCC,310,23:52:33,30/10/2025
279,A321,M,VJC7526,VNA629,R474,LD,PAX,VVNB,ZGGG,270,23:54:53,30/10/2025
280,B78X,H,HVN416,VNA879,R474,LD,PAX,VVNB,RKSI,390,23:58:01,30/10/2025
281,A321,M,HVN262,VNA512,Q2/W1,ND,PAX,VVTS,VVNB,310,22:20:00,10/29/2025
282,A321,M,HVN224,VNA353,Q2/W1,ND,PAX,VVTS,VVNB,350,22:34:00,10/29/2025
283,B738,M,JJA2201,HL8335,R474,LD,PAX,RKSI,VVNB,340,20:01:00,10/29/2025
284,A321,M,VJC3521,VNA550,N639/Q1,ND,PAX,VVPQ,VVNB,350,22:45:00,10/29/2025
285,A321,M,PIC6022,VNA359,Q2/W1,ND,PAX,VVTS,VVNB,350,22:43:00,10/29/2025
286,A320,M,CSZ107,B6357,R474,LD,PAX,ZGSZ,VVNB,300,23:12:00,10/29/2025
287,A321,M,HVN270,VNA602,Q2/W1,ND,PAX,VVTS,VVNB,350,23:20:00,10/29/2025
288,B738,M,CES5075,B1316,R474,LD,PAX,ZSPD,VVNB,340,22:07:00,10/29/2025
289,B738,M,AIH371,HL8319,R474,LD,CAR,RKSI,VVNB,340,21:35:00,10/29/2025
290,A21N,M,CEB746,RPC4123,W1,LD,PAX,RPLL,VVNB,350,22:59:00,10/29/2025
291,A321,M,VJC182,VNA631,Q2/W1,ND,PAX,VVTS,VVNB,310,00:14:00,10/30/2025
292,B744,H,KAL361,HL7603,R474,LD,PAX,RKSI,VVNB,340,22:03:00,10/29/2025
293,B738,M,KXP220,9MKXP,L637,LD,CAR,WMKK,VVNB,350,23:09:00,10/29/2025
294,A320,M,VJC7343,VNA663,R474,LD,PAX,ZLXY,VVNB,340,00:10:00,10/30/2025
295,A321,M,PAL595,RPC9926,W1,LD,PAX,RPLL,VVNB,340,00:21:00,30/10/2025
296,B744,H,GTI8244,N430GT,R474,LD,PAX,RKSI,VVNB,380,23:01:00,10/29/2025
297,B744,H,AIH933,HL7646,R474,LD,CAR,RKSI,VVNB,340,23:19:00,10/29/2025
298,A320,M,IGO1631,VTIQL,R474,LD,PAX,VECC,VVNB,350,01:20:00,10/30/2025
299,B763,H,AIH387,HL7507,R474,LD,CAR,RKSI,VVNB,340/360,23:29:00,10/29/2025
300,A320,M,VJC7713,VNA689,R474,LD,PAX,ZBAD,VVNB,280,00:34:00,10/30/2025
301,B77L,H,KAL8387,HL8226,R474,LD,PAX,RKSI,VVNB,340,00:00:00,10/30/2025
302,B744,H,GTI9145,N419MC,R474,LD,CAR,EHAM,VVNB,410/380,17:03:00,10/29/2025
303,A321,M,VJC7527,VNA642,R474,LD,PAX,ZGGG,VVNB,300,03:17:00,10/30/2025
304,A321,M,VJC7816,VNA673,W1,LD,PAX,RPLL,VVNB,340/350,01:55:00,10/30/2025
305,A321,M,HVN984,VNA329,R474,LD,PAX,VOHS,VVNB,350,00:59:00,10/30/2025
306,B789,H,HVN56,VNA871,R474,LD,PAX,EGLL,VVNB,350/390,18:12:00,10/29/2025
307,A320,M,VJC7239,VNA651,R474,LD,PAX,ZSPD,VVNB,300,01:55:00,10/30/2025
308,B763,H,FDX6001,N122FE,R474,LD,CAR,ZGGG,VVNB,300,04:03:00,10/30/2025
309,A321,M,VJC1924,VNA545,R474,LD,PAX,VAAH,VVNB,330,01:24:00,10/30/2025
310,A359,H,HVN980,VNA888,R474,LD,PAX,VIDP,VVNB,390,01:56:00,10/30/2025
311,A320,M,VJC1926,VNA669,R474,LD,PAX,VAAH,VVNB,330,01:47:00,10/30/2025
312,A359,H,HVN18,VNA898,R474,LD,PAX,LFPG,VVNB,390,19:33:00,10/29/2025
313,A321,M,VJC910,VNA542,R474,LD,PAX,VABB,VVNB,310,01:56:00,10/30/2025
314,B789,H,HVN36,VNA870,R474,LD,PAX,EDDF,VVNB,370,20:14:00,10/29/2025
315,A332,H,HKC317,BLNX,R474,LD,CAR,VHHH,VVNB,360,04:42:00,10/30/2025
316,IL76,H,SUM9121,RA76363,R474,LD,EXTTM,UWGG,VVNB,310/330,01:17:00,10/30/2025
317,B772,H,QTR8954,A7BFE,B124/W21,LD,PAX,OTHH,VVNB,390/410,00:20:00,10/30/2025
318,A321,M,VJC502,VNA628,W1,ND,PAX,VVDN,VVNB,290,05:53:00,10/30/2025
319,A321,M,PIC6002,VNA363,Q2/W1,ND,PAX,VVTS,VVNB,310,05:13:00,10/30/2025
320,B789,H,QTR982,A7BHF,B124/W21,LD,PAX,OTHH,VVNB,330/390,00:44:00,10/30/2025
321,A321,M,HVN646,VNA332,W1,LD,PAX,RPLL,VVNB,340,04:30:00,10/30/2025
322,A321,M,VJC122,VNA693,Q2/W1,ND,PAX,VVTS,VVNB,350,05:28:00,10/30/2025
323,A21N,M,CEB744,RPC4127,W1,LD,PAX,RPLL,VVNB,340/330,04:21:00,10/30/2025
324,B744,H,CLX7623,LXVCD,R474,LD,CAR,OJAI,VVNB,350,23:27:00,10/29/2025
325,A330,H,VJC124,VNA817,Q2/W1,ND,PAX,VVTS,VVNB,410,05:52:00,30/10/2025
326,A321,M,HVN156,VNA613,W1,ND,PAX,VVDN,VVNB,270,06:38:00,10/30/2025
327,A321,M,VAG750,VNA289,Q2/W1,ND,PAX,VVTS,VVNB,350,05:54:00,30/10/2025
328,A320,M,AXM516,9MAQP,W1,LD,PAX,WMKK,VVNB,350,05:20:00,10/30/2025
329,B738,M,KMI525,HSKMD,R474,LD,PAX,VTBS,VVNB,370,06:55:00,30/10/2025
330,A320,M,AIQ642,HSBBT,R474,LD,PAX,VTBD,VVNB,370,06:59:00,10/30/2025
331,A320,M,CSZ101,B6939,R474,LD,PAX,ZGSZ,VVNB,340,07:10:00,30/10/2025
332,A330,H,VJC126,VNA820,Q2/W1,ND,PAX,VVTS,VVNB,410,06:56:00,10/30/2025
333,A21N,M,HKE540,BKKD,R474,LD,CAR,VHHH,VVNB,360,07:07:00,30/10/2025
334,A321,M,HVN1540,VNA326,W10/W1,LD,PAX,VVPB,VVNB,290,07:53:00,10/30/2025
335,A321,M,HVN240,VNA356,Q2/W1,ND,PAX,VVTS,VVNB,350,07:18:00,30/10/2025
336,A359,H,HVN206,VNA879,Q2/W1,ND,PAX,VVTS,VVNB,390,07:20:00,10/30/2025
337,A320,M,VAG774,VNA136,Q2/W1,ND,PAX,VVTS,VVNB,350,07:22:00,30/10/2025
338,B738,M,BAV204,PKBBK,Q2/W1,ND,PAX,VVTS,VVNB,310,07:24:00,10/30/2025
339,A321,M,VJC506,VNA637,W1,ND,PAX,VVDN,VVNB,290,08:15:00,30/10/2025
340,B738,M,MYU8015,PKMYI,R474,LD,CAR,RPLC,VVNB,380/360,06:27:00,10/30/2025
341,A321,M,THA560,HSTXS,Q2/W1,ND,PAX,VVTS,VVNB,350,07:53:00,30/10/2025
342,A321,M,HVN226,VNA611,Q2/W1,ND,PAX,VVTS,VVNB,350,07:43:00,10/30/2025
343,A320,M,VAG638,VNA136,W1,ND,PAX,VVDN,VVNB,290,08:35:00,30/10/2025
344,A321,M,VJC148,VNA649,Q2/W1,ND,PAX,VVTS,VVNB,350/330,07:51:00,10/30/2025
345,A321,M,HVN579,VNA507,R474,LD,PAX,RCTP,VVNB,320,07:06:00,30/10/2025
346,A320,M,KHV854,XU350,N639/Q1,LD,PAX,VDTI,VVNB,350,08:13:00,10/30/2025
347,A321,M,VJC422,VNA644,Q2/W1,ND,PAX,VVPK,VVNB,310,08:32:00,30/10/2025
348,B77W,H,CPA741,BKQR,R474,LD,PAX,VHHH,VVNB,360,08:17:00,10/30/2025
349,A321,M,VJC482,VNA685,Q2/W1,ND,PAX,VVBM,VVNB,330,08:42:00,30/10/2025
350,A321,M,HVN587,VNA605,R474,LD,PAX,RCKH,VVNB,320/340,07:44:00,10/30/2025
351,A359,H,CAL791,B18902,R474,LD,PAX,RCTP,VVNB,400,07:32:00,30/10/2025
352,B789,H,HVN208,VNA861,Q2/W1,ND,PAX,VVTS,VVNB,390,08:26:00,10/30/2025
353,A321,M,VJC504,VNA683,W1,ND,PAX,VVDN,VVNB,290,09:15:00,30/10/2025
354,A21N,M,CSN3049,B32MC,R474,LD,PAX,ZGGG,VVNB,340,08:40:00,10/30/2025
355,A321,M,VJC981,VNA667,R474,LD,PAX,RKPK,VVNB,340,06:05:00,30/10/2025
356,A320,M,VJC460,VNA565,Q2,ND,PAX,VVCT,VVNB,310,08:22:00,10/30/2025
357,A321,M,HVN158,VNA614,W1,ND,PAX,VVDN,VVNB,290,09:19:00,30/10/2025
358,A32N,M,IGO9436,VTBYC,R474,LD,PAX,VIDP,VVNB,390,06:15:00,10/30/2025
359,A320,M,VJC402,VNA684,W1,ND,PAX,VVDL,VVNB,350,08:47:00,30/10/2025
360,A320,M,HVN1640,VNA513,Q2,ND,PAX,VVCA,VVNB,310,09:24:00,10/30/2025
361,A321,M,VJC136,VNA814,Q2/W1,ND,PAX,VVTS,VVNB,390,08:46:00,30/10/2025
362,A21N,M,KAL441,HL8559,R474,LD,PAX,RKSI,VVNB,340/360,06:20:00,10/30/2025
363,A320,M,BAV104,VNA596,W1 ,ND,PAX,VVDN,VVNB,290,09:51:00,30/10/2025
364,GA7C,M,HAI799,VNA799,R747,LD,PAX,PANC,VVNB,450/400,23:13:00,10/29/2025
365,A320,M,VJC442,VNA642,N639/Q1,ND,PAX,VVPQ,VVNB,350,09:24:00,10/30/2025
366,A321,M,HVN1614,VNA608,W1 ,ND,PAX,VVPK,VVNB,290,09:46:00,10/30/2025
367,A320,M,HVN1572,VNA515,W2,ND,PAX,VVDL,VVNB,310,09:33:00,10/30/2025
368,B737,H,MJJ821,VNA328,R474,LD,CAR,VTBD,VVNB,410,09:33:00,10/30/2025
369,A321,M,HVN164,VNA619,W1 ,ND,PAX,VVDN,VVNB,330,10:01:00,10/30/2025
370,B773,H,EVA397,B16727,R474,LD,PAX,RCTP,VVNB,340,08:41:00,10/30/2025
371,A320,M,VJC132,VNA699,Q2/W1,ND,PAX,VVTS,VVNB,350,09:27:00,10/30/2025
372,A321,M,HVN1602,VNA353,Q2/W1,ND,PAX,VVBM,VVNB,310,09:54:00,10/30/2025
373,A21N,M,CCA741,B328N,R474,LD,PAX,ZBAA,VVNB,300,07:59:00,10/30/2025
374,A321,M,PIC6080,VNA363,W1 ,ND,PAX,VVDN,VVNB,290,10:34:00,10/30/2025
375,A321,M,HVN1590,VNA358,W1 ,ND,PAX,VVDH,VVNB,270,10:47:00,10/30/2025
376,A359,H,SIA192,9VSHR,W1,LD,PAX,WSSS,VVNB,390,08:34:00,10/30/2025
377,A321,M,VJC959,VNA687,R474,LD,PAX,RJFF,VVNB,360,07:23:00,10/30/2025
378,A321,M,HVN1200,VNA399,Q2 ,ND,PAX,VVCT,VVNB,330,09:56:00,10/30/2025
379,A321,M,HVN1236,VNA338,N639/Q1,ND,PAX,VVPQ,VVNB,350,10:09:00,10/30/2025
380,A321,M,PAL593,RPC9902,W1,LD,PAX,RPLL,VVNB,300/320,09:12:00,10/30/2025
381,A333,H,AAR729,HL7741,R474,LD,PAX,RKSI,VVNB,380,07:35:00,10/30/2025
382,A320,M,VJC440,VNA675,N639/Q1,ND,PAX,VVPQ,VVNB,350,10:21:00,10/30/2025
383,B789,H,HVN244,VNA871,Q2/W1,ND,PAX,VVTS,VVNB,390,10:18:00,10/30/2025
384,A321,M,CCA703,B6942,R474,LD,PAX,ZSPD,VVNB,320,08:51:00,10/30/2025
385,B738,M,MAS752,9MMLO,W1,LD,PAX,WMKK,VVNB,370/350,09:01:00,10/30/2025
386,A359,H,HVN210,VNA888,Q2/W1,ND,PAX,VVTS,VVNB,390,10:24:00,10/30/2025
387, A321,M,VJC128,VNA631,Q2/W1,ND,PAX,VVTS,VVNB,350,10:29:00,10/30/2025
388,A321,M,HVN357,VNA512,R474,LD,PAX,RJFF,VVNB,340,08:04:00,10/30/2025
389,B789,H,QTR976,A7BHE,R474,LD,PAX,QTHH,VVNB,370,06:00:00,10/30/2025
390,A320,M,BAV224,JU1410,Q2/W1,ND,PAX,VVTS,VVNB,350,10:40:00,10/30/2025
391,B738,M,CSZ121,B1711,R474,LD,PAX,ZGGG,VVNB,320,10:43:00,10/30/2025
392,A320,M,AIQ640,HSBBT,R474,LD,PAX,VTBD,VVNB,350,10:50:00,10/30/2025
393,A321,M,HVN349,VNA334,R474,LD,PAX,RJGG,VVNB,300,07:59:00,10/30/2025
394,A330,H,VJC450,VNA812,N639/Q1,ND,PAX,VVPQ,VVNB,410,10:46:00,10/30/2025
395,A320,M,VJC939,VNA542,R474,LD,PAX,RJBB,VVNB,340,07:39:00,10/30/2025
396,A321,M,VJC921,VNA543,R474,LD,PAX,RJGG,VVNB,320,07:26:00,10/30/2025
397,B38M,M,MXD571,9MLRS,N639/Q1,LD,PAX,WMKK,VVNB,350,09:47:00,10/30/2025
398,A359,H,HVN429,VNA874,R474,LD,PAX,RKPK,VVNB,380,08:53:00,10/30/2025
399,A359,H,HVN417,VNA877,R474,LD,PAX,RKSI,VVNB,380,08:48:00,10/30/2025
400,A359,H,HVN335,VNA886,R474,LD,PAX,RJBB,VVNB,400,08:16:00,10/30/2025
401,A321,M,VJC3522,VNA550,W1 ,LD,PAX,VVPQ,VVNB,320,07:58:00,10/30/2025
402,B77W,H,UAE394,A6ENB,R474,LD,PAX,OMDB,VVNB,350,07:15:00,10/30/2025
403,A321,M,VJC780,VNA522,W1,ND,PAX,VVCR,VVNB,290,11:30:00,10/30/2025
404,A321,M,HVN583,VNA329,R474,LD,PAX,RCKH,VVNB,340,10:50:00,10/30/2025
405,A359,H,HVN311,VNA893,R474,LD,PAX,RJAA,VVNB,400,08:00:00,10/30/2025
406,A321,M,HVN166,VNA398,W1 ,ND,PAX,VVDN,VVNB,310,12:27:00,10/30/2025
407,A321,M,CES6011,B32KD,R474,LD,PAX,ZSPD,VVNB,320,10:19:00,10/30/2025
408,A321,M,VJC933,VNA545,R474,LD,PAX,RJAA,VVNB,320/360,07:58:00,10/30/2025
409,A321,M,VJC566,VNA644,W10/W1,ND,PAX,VVPB,VVNB,290,12:36:00,10/30/2025
410,A321,M,VJC961,VNA538,R474,LD,PAX,RKSI,VVNB,340,09:21:00,10/30/2025
411,A321,M,VJC770,VNA674,W1,ND,PAX,VVCR,VVNB,310,11:53:00,10/30/2025
412,A321,M,HVN7562,VNA613,W1,ND,PAX,VVCR,VVNB,310,11:58:00,10/30/2025
413,A320,M,CSZ103,B6720,R474,LD,PAX,ZGSZ,VVNB,300,12:14:00,10/30/2025
414,A320,M,CHB6423,B9949,R474,LD,PAX,ZUCK,VVNB,300,12:19:00,10/30/2025
415,A321,M,VJC508,VNA685,W1 ,ND,PAX,VVDN,VVNB,290,13:10:00,10/30/2025
416,A738,M,JDL2723,B225M,R474,LD,CAR,ZSWA,VVNB,340,11:34:00,10/30/2025
417,A321,M,VJC906,VNA632,W1,LD,PAX,WMKK,VVNB,310,11:38:00,10/30/2025
418,A21N,M,CSN8315,B321Z,R474,LD,PAX,ZGGG,VVNB,340,12:53:00,10/30/2025
419,B735,M,CES9605,B5527,R474,LD,PAX,ZPPP,VVNB,320,13:28:00,10/30/2025
420,B737,M,CXA869,B5280,R474,LD,PAX,ZSAM,VVNB,340,12:22:00,10/30/2025
421,A320,M,AXM512,9MAHL,W1,LD,PAX,WMKK,VVNB,310,11:39:00,10/30/2025
422,A321,M,HVN168,VNA507,W1,ND,PAX,VVDN,VVNB,270,13:36:00,10/30/2025
423,A322,M,VJC941,VNA651,R474,LD,PAX,RCTP,VVNB,340,11:59:00,10/30/2025
424,A323,M,HVN7212,VNA601,Q2/W1,ND,PAX,VVTS,VVNB,310,12:53:00,10/30/2025
425,A320,M,AIQ870,HSABS,R474,LD,PAX,VTCC,VVNB,330,13:26:00,10/30/2025
426,A320,M,VJC144,VNA820,Q2/W1,ND,PAX,VVTS,VVNB,390,13:02:00,10/30/2025
427,CL35,M,VJT443,9HVCX,R474,LD,PAX,VLVT,VVNB,350,13:59:00,10/30/2025
428,A321,M,HVN610,VNA602,R474,LD,PAX,VTBS,VVNB,330,13:18:00,10/30/2025
429,A320,M,HVN1622,VNA513,W1,ND,PAX,VVPC,VVNB,310,13:40:00,10/30/2025
430,A321,M,CSN8469,B6659,R474,LD,PAX,ZGSZ,VVNB,300/290,13:47:00,10/30/2025
431,A321,M,HVN1552,VNA611,W2/W1 ,ND,PAX,VVCR,VVNB,350,13:43:00,10/30/2025
432,B738,M,BAV242,PKBBK,Q2/W1 ,ND,PAX,VVTS,VVNB,350,13:41:00,10/30/2025
433,A321,M,HVN660,VNA505,M771/L642/L625,LD,PAX,WSSS,VVNB,310,12:37:00,10/30/2025
434,A321,M,HVN170,VNA691,W1,ND,PAX,VVDN,VVNB,290,14:33:00,10/30/2025
435,A320,M,VJC404,VNA684,W7/W1,ND,PAX,VVDL,VVNB,310,14:03:00,10/30/2025
436,A359,H,THY164,TCLGL,L637,LD,PAX,LTFM,VVNB,390,07:01:00,10/30/2025
437,A320,M,LAO311,RDPL34199,R474,LD,PAX,VLVT,VVNB,290,14:46:00,10/30/2025
438,A321,M,VJC408,VNA683,W7/W1 ,ND,PAX,VVDL,VVNB,310,14:09:00,10/30/2025
439,A322,M,VJC462,VNA656,Q2,ND,PAX,VVCT,VVNB,350,13:54:00,10/30/2025
440,A321,M,TUA697,EZF429,R474,LD,PAX,UTAA,VVNB,350,09:15:00,10/30/2025
441,A322,M,HVN1650,VNA326,W2/W1,ND,PAX,VVTH,VVNB,290,14:30:00,10/30/2025
442,A323,M,VJC7008,VNA673,B214/W21,LD,PAX,VEGY,VVNB,330,13:15:00,10/30/2025
443,A320,M,VAG778,9HMLW,Q2/W1,ND,PAX,VVTS,VVNB,350,14:11:00,10/30/2025
444,A320,M,VAG770,VNA136,Q2/W1,ND,PAX,VVTS,VVNB,350,14:17:00,10/30/2025
445,A321,M,VJC1898,VNA546,Q2/W1,ND,PAX,VVTS,VVNB,310,14:25:00,10/30/2025
446,A322,M,HVN1202,VNA605,W1,ND,PAX,VVCT,VVNB,350,14:14:00,10/30/2025
447,A323,M,HVN593,VNA614,R474,LD,PAX,VHHH,VVNB,300,14:37:00,10/30/2025
448,A21N,M,CAL793,B18108,R474,LD,PAX,RCTP,VVNB,340,13:37:00,10/30/2025
449,A320,M,HVN1574,VNA515,W7/W1,ND,PAX,VVDL,VVNB,310,14:43:00,10/30/2025
450,A320,M,VJC953,VNA663,R474,LD,PAX,RJOA,VVNB,360,11:42:00,10/30/2025
451,A321,M,HVN172,VNA358,W1,ND,PAX,VVDN,VVNB,330,15:20:00,10/30/2025
452,A359,H,HVN246,VNA861,Q2/W1,ND,PAX,VVTS,VVNB,410,14:44:00,10/30/2025
453,A321,M,HVN1805,VNA608,W21/R474,ND,PAX,VVDB,VVNB,190,16:00:00,10/30/2025
454,A321,M,VJC900,VNA532,Q2/W1,LD,PAX,WADD,VVNB,350,12:07:00,10/30/2025
455,A321,M,EVA385,B16216,R474,LD,PAX,RCTP,VVNB,340,14:04:00,10/30/2025
456,A321,M,VJC2962,VNA629,R474,LD,PAX,VEGY,VVNB,350,13:58:00,10/30/2025
457,A359,H,HVN248,VNA865,W1,ND,PAX,VVTS,VVNB,390,15:04:00,10/30/2025
458,B744,H,CPA3447,BLIA,R474,LD,PAX,VHHH,VVNB,360,15:14:00,10/30/2025
459,A321,M,SJX717,B58205,R474,LD,PAX,RCTP,VVNB,340,14:16:00,10/30/2025
460,A359,H,HVN250,VNA889,Q2/W1,ND,PAX,VVTS,VVNB,390,15:17:00,10/30/2025
461,A359,H,HVN214,VNA873,Q2/W1,ND,PAX,VVTS,VVNB,390,15:26:00,10/30/2025
462,A321,M,VJC902,VNA667,R474,LD,PAX,VTBS,VVNB,350,15:41:00,10/30/2025
463,A321,M,HVN507,VNA353,R474,LD,PAX,ZGGG,VVNB,320,15:38:00,10/30/2025
464,A321,M,HVN533,VNA356,R474,LD,PAX,ZSPD,VVNB,349,14:24:00,10/30/2025
465,B38M,M,SIA194,9VMBJ,Q2,LD,PAX,WSSS,VVNB,370,14:24:00,10/30/2025
466,A321,M,PIC6400,VNA363,N639/Q1,ND,PAX,VVPQ,VVNB,350,16:01:00,10/30/2025
467,A320,M,VJC446,VNA699,N639/Q2,ND,PAX,VVPQ,VVNB,310,16:03:00,10/30/2025
468,A321,M,HVN614,VNA399,R474,LD,PAX,VTBS,VVNB,350,16:15:00,10/30/2025
469,A321,M,CCA755,B8583,R474,LD,PAX,ZSPD,VVNB,340,14:34:00,10/30/2025
470,A320,M,VJC512,VNA539,W2,ND,PAX,VVDN,VVNB,270,16:55:00,10/30/2025
471,A321,M,HVN212,VNA397,Q2/W1,ND,PAX,VVTS,VVNB,330,16:18:00,10/30/2025
472,A321,M,VJC194,VNA537,Q2/W1,ND,PAX,VVTS,VVNB,350,16:11:00,10/30/2025
473,A320,M,CSN8177,B6252,R474,LD,PAX,ZGGG,VVNB,340,16:34:00,10/30/2025
474,A359,H,HVN216,VNA878,Q2/W1,ND,PAX,VVTS,VVNB,390,16:26:00,10/30/2025
475,A320,M,LAO313,RDPL34228,B465,LD,PAX,VLLB,VVNB,170,17:35:00,10/30/2025
476,A321,M,HVN1558,VNA501,W2/W1,ND,PAX,VVCR,VVNB,330,16:31:00,10/30/2025
477,A320,M,VJC928,VNA669,N639,LD,PAX,WIII,VVNB,350,14:10:00,10/30/2025
478,A321,M,HVN174,VNA398,W1/W10/W3 ,ND,PAX,VVDN,VVNB,270,17:13:00,10/30/2025
479,A320,M,KHV850,XU356,N639/W1 ,LD,PAX,VDTI,VVNB,370,16:41:00,10/30/2025
480,A333,H,CPA743,BHLU,R474,LD,PAX,VHHH,VVNB,400,16:45:00,10/30/2025
481,A321,M,VJC1492,VNA644,Q2/W1,LD,PAX,VVBM,VVNB,310,17:05:00,10/30/2025
482,A20N,M,CSN8359,B322F,R474,LD,PAX,ZGHA,VVNB,280,17:00:00,10/30/2025
483,A321,M,PIC6016,VNA363,Q2/W1 ,ND,PAX,VVTS,VVNB,350,17:05:00,10/30/2025
484,A321,M,HVN254,VNA334,Q2/W1,ND,PAX,VVTS,VVNB,290,17:22:00,10/30/2025
485,B738,M,CSZ105,B1710,R474,LD,PAX,ZGSZ,VVNB,300,17:28:00,10/30/2025
486,A321,M,VJC134,VNA653,Q2/W1 ,ND,PAX,VVTS,VVNB,310,17:18:00,10/30/2025
487,B744,H,CAL6887,B18919,R474,LD,PAX,RCTP,VVNB,380,17:35:00,10/30/2025
488,B788,H,THA564,HSTQF,R474,LD,PAX,VTBS,VVNB,390,17:49:00,10/30/2025
489,A359,H,HVN232,VNA899,Q2/W1,ND,PAX,VVTS,VVNB,410,17:39:00,10/30/2025
490,A321,M,VJC152,VNA814,Q2/W1,ND,PAX,VVTS,VVNB,390,17:42:00,10/30/2025
491,B77L,H,CKK288,B222J,N639/W1,LD,PAX,WSSS,VVNB,350,16:36:00,10/30/2025
492,B77L,H,THY6358,TCLJP,B214/W21,LD,PAX,OMDW,VVNB,410,13:18:00,10/30/2025
493,B738,M,CTJ3861,B5439,R474,LD,PAX,ZUCK,VVNB,260,17:53:00,10/30/2025
494,A320,M,HVN1805,VNA513,W1/W10/W3 ,ND,PAX,VVDN,VVNB,270,18:35:00,10/30/2025
495,A321,M,VJC949,VNA687,R474,LD,PAX,RCMQ,VVNB,340,17:09:00,10/30/2025
496,A359,H,HVN252,VNA877,Q2/W1,ND,PAX,VVTS,VVNB,390,17:56:00,10/30/2025
497,A321,M,BAV262,VNA227,Q2/W10/W1,ND,PAX,VVTS,VVNB,350,17:53:00,10/30/2025
498,A321,M,HVN836,VNA601,N639/Q1,LD,PAX,VDSA,VVNB,310,18:21:00,10/30/2025
499,A321,M,VAG780,VNA289,Q2/W10W1,ND,PAX,VVTS,VVNB,290,17:59:00,10/30/2025
500,A320,M,VJC516,VNA656,W1,ND,PAX,VVDN,VVNB,270,18:49:00,10/30/2025
501,A321,M,VJC424,VNA632,W1,ND,PAX,VVPK,VVNB,310,18:43:00,10/30/2025
502,A320,M,CHB6535,B9949,R474,LD,PAX,ZHES,VVNB,340,17:59:00,10/30/2025
503,B788,H,QTR984,A7BCV,B124/W21,LD,PAX,OTHH,VVNB,370,13:40:00,10/30/2025
504,A319,M,MMA450,XYALN,B124/W21,LD,PAX,VYYY,VVNB,370,18:30:00,10/30/2025
505,A321,M,HVN1544,VNA614,W10/W1,ND,PAX,VVPB,VVNB,270,19:06:00,10/30/2025
506,A333,H,BCS574,DALMG,B124/W21,LD,PAX,OBBI,VVNB,410,13:25:00,10/30/2025
507,B789,H,HVN385,VNA898,R474,LD,PAX,RJTT,VVNB,400,14:52:00,10/30/2025
508,A320,M,VAG658,VNA136,W1,ND,PAX,VVDN,VVNB,290,19:13:00,10/30/2025
509,A320,M,VJC432,VNA684,W1/W2/W24,ND,PAX,VVPC,VVNB,310,17:35:00,10/30/2025
510,A321,M,HVN930,VNA338,B465,LD,PAX,VLLB,VVNB,270,19:25:00,10/30/2025
511,A320,M,VJC410,VNA675,W7/W1 ,ND,PAX,VVDL,VVNB,310,18:48:00,10/30/2025
512,A321,M,VJC935,VNA545,R474,LD,PAX,RJAA,VVNB,340,14:50:00,10/30/2025
513,A320,M,HVN188,VNA515,W1,ND,PAX,VVDN,VVNB,290,19:23:00,10/30/2025
514,A321,M,VJC904,VNA6151,R474,LD,PAX,VTBS,VVNB,330,18:52:00,10/30/2025
515,A321,M,VJC1440,VNA538,N639/Q2,ND,PAX,VVPQ,VVNB,350,18:52:00,10/30/2025
516,A21N,M,AIQ644,HSABM,R474,LD,PAX,VTBD,VVNB,350,19:11:00,10/30/2025
517,A321,M,HVN218,VNA616,Q2/W2,ND,PAX,VVTS,VVNB,350,19:01:00,10/30/2025
518,A359,H,HVN415,VNA879,R474,LD,PAX,RKSI,VVNB,380,16:44:00,10/30/2025
519,A321,M,VJC914,VNA583,N639,LD,PAX,VDSA,VVNB,310,19:33:00,10/30/2025
520,A321,M,VJC998,VNA542,W2/W1,LD,PAX,WADD,VVNB,350,16:27:00,10/30/2025
521,B789,H,KAL447,HL7207,R474,LD,PAX,RKSI,VVNB,360,17:06:00,10/30/2025
522,A321,M,HVN1562,VNA611,W2/W1,ND,PAX,VVCR,VVNB,350,19:50:00,10/30/2025
523,A321,M,HVN920,VNA393,R474,LD,PAX,VLVT,VVNB,290,20:35:00,10/30/2025
524,A321,M,HVN1206,VNA505,W1,ND,PAX,VVCT,VVNB,350,19:41:00,10/30/2025
525,B763,H,FDX6002,N122FE,R474,LD,CAR,VTBS,VVNB,330,20:13:00,10/30/2025
526,A320,M,AMU982,BMCL,R474,LD,PAX,VMMC,VVNB,300,20:16:00,10/30/2025
527,A321,M,PIC6070,VNA363,W1,ND,PAX,VVDN,VVNB,310,20:44:00,10/30/2025
528,B748,H,UPS72,N628UP,R474,LD,PAX,PANC,VVNB,400,09:43:00,10/30/2025
529,A321,M,HVN842,VNA358,N639,LD,PAX,VDSA,VVNB,310,20:28:00,10/30/2025
530,B738,M,BAV268,PKBBK,Q2/W1,ND,PAX,VVTS,VVNB,350,20:08:00,10/30/2025
531,A321,M,HVN618,VNA602,R474,LD,PAX,VTBS,VVNB,330,20:31:00,10/30/2025
532,A321,M,CSC3905,B6718,R471/R474,LD,PAX,ZUTF,VVNB,320,20:06:00,10/30/2025
533,A321,M,HVN220,VNA625,Q2/W1,ND,PAX,VVTS,VVNB,350,20:19:00,10/30/2025
534,A321,M,VJC190,VNA522,Q2/W1,ND,PAX,VVTS,VVNB,310,20:21:00,10/30/2025
535,A321,M,VJC160,VNA689,Q2/W1,ND,PAX,VVTS,VVNB,350,20:23:00,10/30/2025
536,B763,H,JAL751,JAL616J,R474,LD,PAX,RJAA,VVNB,360,16:35:00,10/30/2025
537,A359,H,AAR733,HL8360,R474,LD,PAX,RKSI,VVNB,380,18:09:00,10/30/2025
538,A321,M,VJC464,VNA673,W1,ND,PAX,VVCT,VVNB,310,20:35:00,10/30/2025
539,B789,H,ANA897,JA876A,R474,LD,PAX,RJAA,VVNB,400,16:57:00,10/30/2025
540,A321,M,HVN680,VNA329,N639/W1,LD,PAX,WMKK,VVNB,310,19:39:00,10/30/2025
541,B737,M,LHA4201,B220N,R474,LD,PAX,ZGNN,VVNB,300,21:54:00,10/30/2025
542,A321,M,VJC518,VNA658,W1,ND,PAX,VVDN,VVNB,290,21:33:00,10/30/2025
543,A321,M,HVN256,VNA336,Q2/W1,ND,PAX,VVTS,VVNB,350,20:50:00,10/30/2025
544,A359,H,HVN262,VNA896,Q2/W1,ND,PAX,VVTS,VVNB,390,20:56:00,10/30/2025
545,A321,M,VJC568,VNA629,W10/W1/A206/W24/W1,ND,PAX,VVPB,VVNB,270,21:40:00,10/30/2025
546,A332,H,HKC317,BLNX,R474,LD,CAR,VHHH,VVNB,360,21:09:00,10/30/2025
547,A359,H,HVN258,VNA861,Q2/W1,ND,PAX,VVTS,VVNB,390,21:03:00,10/30/2025
548,A330,H,VJC156,VNA820,Q2/W1,ND,PAX,VVTS,VVNB,410,21:13:00,10/30/2025
549,A20N,M,CSN317,B30EW,R474,LD,PAX,ZGGG,VVNB,340,21:24:00,10/30/2025
550,A321,M,VJC520,VNA644,W1,ND,PAX,VVDN,VVNB,290,22:05:00,10/30/2025
551,A321,M,HVN260,VNA325,Q2/W1,ND,PAX,VVTS,VVNB,350,21:20:00,10/30/2025
552,A321,M,HVN1548,VNA513,W1,ND,PAX,VVPB,VVNB,310,22:17:00,10/30/2025
553,B763,H,ANA8447,JA605F,R474,LD,PAX,RJAA,VVNB,400,17:33:00,10/30/2025
554,B772,H,UAE9869,A6EFW,R474,LD,PAX,RCTP,VVNB,320,20:51:00,10/30/2025
555,A321,M,VJC7337,VNA549,R474,LD,PAX,ZUGY,VVNB,320,21:59:00,10/30/2025
556,A321,M,VJC174,VNA667,Q2/W1,ND,PAX,VVTS,VVNB,350,22:00:00,10/30/2025
557,B77L,H,FDX9797,N865FD,R474,LD,PAX,PANC,VVNB,380,10:44:00,10/30/2025
558,A321,M,HVN7210,VNA332,Q2/W1,ND,PAX,VVTS,VVNB,350,22:05:00,10/30/2025
559,A321,M,VAG794,VNA129,Q2/W1,ND,PAX,VVTS,VVNB,350,22:16:00,10/30/2025
